Rutherford Falls Episodio 1, , https://nupload.xyz/watch/wZz3D4noqaCqqpNLIPp7H9V0mGv39EKC8edEivgWeYA?h=
Rutherford Falls Episodio 1, , https://nupload.xyz/iframe/?url=https%3A%2F%2Fwaaw.tv%2Fwatch_video.php%3Fv%3DAf0wode6td2X
Rutherford Falls Episodio 1, , https://nupload.xyz/watch/c9BRBdwazeLpU2V6gQfKNZncTM8lxHBx7JR7kz7yqLmVk4?h=
Rutherford Falls Episodio 1, , https://nupload.xyz/iframe/?url=https%3A%2F%2Fwaaw.tv%2Fwatch_video.php%3Fv%3DNAgC3zQGVs4p
Rutherford Falls Episodio 2, , https://nupload.xyz/watch/TfFBhSJfTQ1BMmR9kCFBcr7hbfq3jz3JAOKoMnC7iq4SeU?h=
Rutherford Falls Episodio 2, , https://nupload.xyz/iframe/?url=https%3A%2F%2Fwaaw.tv%2Fwatch_video.php%3Fv%3Dfh4fdcWWDWIC
Rutherford Falls Episodio 2, , https://nupload.xyz/watch/TbsBcMJXji5rkgN7VR9vU5Krw0ASGAvQn0tTRqgwjt4?h=
Rutherford Falls Episodio 2, , https://nupload.xyz/iframe/?url=https%3A%2F%2Fwaaw.tv%2Fwatch_video.php%3Fv%3D9dshpzYxxu8s
Rutherford Falls Episodio 3, , https://nupload.xyz/watch/ebhSNZjLzvv0OJFSOKtyfb82Fmdf3jz3QYzQsMpF63kduE?h=
Rutherford Falls Episodio 3, , https://nupload.xyz/iframe/?url=https%3A%2F%2Fwaaw.tv%2Fwatch_video.php%3Fv%3DwbWv36MxDGLM
Rutherford Falls Episodio 3, , https://nupload.xyz/watch/6M5qMCv5fGat6oA57kz7BrjbHFkQpNxKr3GihqjMgAAXbo?h=
Rutherford Falls Episodio 3, , https://nupload.xyz/iframe/?url=https%3A%2F%2Fwaaw.tv%2Fwatch_video.php%3Fv%3D8x11l1ZLf7oQ
Rutherford Falls Episodio 4, , https://nupload.xyz/watch/picTYsJPF7bHZRuu5WWI8DcVBGI93jz39SURP2m0FYXPX4?h=
Rutherford Falls Episodio 4, , https://nupload.xyz/iframe/?url=https%3A%2F%2Fwaaw.tv%2Fwatch_video.php%3Fv%3D1fsA7zJg89qc
Rutherford Falls Episodio 4, , https://nupload.xyz/watch/TTalQojrvAE410VFO4RJ3jz3tzaXajXU9s7EYVFhZ4tCPs?h=
Rutherford Falls Episodio 4, , https://nupload.xyz/iframe/?url=https%3A%2F%2Fwaaw.tv%2Fwatch_video.php%3Fv%3DEvl60vUkKs6L
Rutherford Falls Episodio 5, , https://nupload.xyz/watch/XNcbv3Fe7kz7DSRXI1cyO7vhkK0ShhbkD9SGKmUKsn9FVw?h=
Rutherford Falls Episodio 5, , https://nupload.xyz/iframe/?url=https%3A%2F%2Fwaaw.tv%2Fwatch_video.php%3Fv%3DTSIQ8iPBMwA3
Rutherford Falls Episodio 5, , https://nupload.xyz/watch/BqvWrd7kz7Qojn45gbYVb3jz3wbLwmi2D033XjkFZCATMsv?h=
Rutherford Falls Episodio 5, , https://nupload.xyz/iframe/?url=https%3A%2F%2Fwaaw.tv%2Fwatch_video.php%3Fv%3DbNNaYW6QPtTM
Rutherford Falls Episodio 6, , https://nupload.xyz/watch/xY9uWxA5nw8AleuaiRnn33jz3foyK7Ik5jzBHqJb7kz7sZPCI?h=
Rutherford Falls Episodio 6, , https://nupload.xyz/iframe/?url=https%3A%2F%2Fwaaw.tv%2Fwatch_video.php%3Fv%3DIOdsig4deuI5
Rutherford Falls Episodio 6, , https://nupload.xyz/watch/XIlU5Pz8sSdvyk7XnCK9DaMYFkt6kgppbW6zzG8vgyM?h=
Rutherford Falls Episodio 6, , https://nupload.xyz/iframe/?url=https%3A%2F%2Fwaaw.tv%2Fwatch_video.php%3Fv%3DNnQILNv3akfB
Rutherford Falls Episodio 7, , https://nupload.xyz/watch/X0ZyLMkLDT6b5CZCD0Qp8TsZStUuf6NRS9zWdCQPcEM?h=
Rutherford Falls Episodio 7, , https://nupload.xyz/iframe/?url=https%3A%2F%2Fwaaw.tv%2Fwatch_video.php%3Fv%3DvBQeTqOpCepq
Rutherford Falls Episodio 7, , https://nupload.xyz/watch/QFgSHxPPiWgOxX5eEwv4q32oo3U9gTjPXsajH3xwv6c?h=
Rutherford Falls Episodio 7, , https://nupload.xyz/iframe/?url=https%3A%2F%2Fwaaw.tv%2Fwatch_video.php%3Fv%3DsYH0cAtoNSAQ
Rutherford Falls Episodio 8, , https://nupload.xyz/watch/zK6TGyTbjhLXaVj5ZDZ70Vr7Xf3jz3TGmynufNOa9ozZHc?h=
Rutherford Falls Episodio 8, , https://nupload.xyz/iframe/?url=https%3A%2F%2Fwaaw.tv%2Fwatch_video.php%3Fv%3DUvowbbSkQM2h
Rutherford Falls Episodio 8, , https://nupload.xyz/watch/SDR7V3jz3s4r03xMcdjvZ7kz7e1zNvAwJR6bAeDbEyIHzBIvU?h=
Rutherford Falls Episodio 8, , https://nupload.xyz/iframe/?url=https%3A%2F%2Fwaaw.tv%2Fwatch_video.php%3Fv%3DwumpYMHSh8uj
Rutherford Falls Episodio 9, , https://nupload.xyz/watch/bgUNUwbOFngsNAvd0fF8nYQSyFmBarcHIvnZ3jz3ayAZUA?h=
Rutherford Falls Episodio 9, , https://nupload.xyz/iframe/?url=https%3A%2F%2Fwaaw.tv%2Fwatch_video.php%3Fv%3DDROMJMetPlL2
Rutherford Falls Episodio 9, , https://nupload.xyz/watch/uMIcTW5SIvSo3h1IsSZy8pF4R4sV6WBPeBx3exQAXdo?h=
Rutherford Falls Episodio 9, , https://nupload.xyz/iframe/?url=https%3A%2F%2Fwaaw.tv%2Fwatch_video.php%3Fv%3DNyd6xzAxS8tY
Rutherford Falls Episodio 10, , https://nupload.xyz/watch/IvyuAe2LwG6QpyvYZ04Ei1eQQcq6lE1kkhpJk8hMLqA?h=
Rutherford Falls Episodio 10, , https://nupload.xyz/iframe/?url=https%3A%2F%2Fwaaw.tv%2Fwatch_video.php%3Fv%3D5Uxiq9L0wPiA
Rutherford Falls Episodio 10, , https://nupload.xyz/watch/ycXkO5MnwpZ9jAiup0LMYEeDWO2wv4RJWtyfFz7kz7dn3jz3o?h=
Rutherford Falls Episodio 10, , https://nupload.xyz/iframe/?url=https%3A%2F%2Fwaaw.tv%2Fwatch_video.php%3Fv%3DIlvJgQYGlMa8
Rutherford Falls Episodio 1, , https://nupload.xyz/watch/nhB7kz7aLBw8UvtxY9a8wCnbbqyjLE8nsUzFzvnAa8LEgQ?h=
Rutherford Falls Episodio 1, , https://nupload.xyz/iframe/?url=https%3A%2F%2Fwaaw.tv%2Fwatch_video.php%3Fv%3DKaiHIvNJp0FG
Rutherford Falls Episodio 2, , https://nupload.xyz/watch/yuNTYc3jz3a7kz7Eh3KDcW3jz3003Lw0xiVzZ7kz7y5LH3jz3VuGHlvSRA?h=
Rutherford Falls Episodio 2, , https://nupload.xyz/iframe/?url=https%3A%2F%2Fwaaw.tv%2Fwatch_video.php%3Fv%3D1ISMH1bUo8Nx
Rutherford Falls Episodio 3, , https://nupload.xyz/watch/Jd3JpJ3hOjfIapnuiAqC807kz7yWVmxIv0Upv5MBnKjxSo?h=
Rutherford Falls Episodio 3, , https://nupload.xyz/iframe/?url=https%3A%2F%2Fwaaw.tv%2Fwatch_video.php%3Fv%3DPYMhKC44EC9N
Rutherford Falls Episodio 4, , https://nupload.xyz/watch/8Dg6TCyi5TZ7kz7lCDGVuBTYjItjgvagk7LbOlxis4nQVk?h=
Rutherford Falls Episodio 4, , https://nupload.xyz/iframe/?url=https%3A%2F%2Fwaaw.tv%2Fwatch_video.php%3Fv%3DPKwPP6Vi7G0M
Rutherford Falls Episodio 5, , https://nupload.xyz/watch/7NbhfiFW3jz383jz3y3KEdSkfsIQ0Dbn3PIqiCX3jz33jz3rEkNjyew?h=
Rutherford Falls Episodio 5, , https://nupload.xyz/iframe/?url=https%3A%2F%2Fwaaw.tv%2Fwatch_video.php%3Fv%3DBn7v7i0FNnpX
Rutherford Falls Episodio 6, , https://nupload.xyz/watch/7kz7Wk30I04BFeTeAif8eMTMR2j2RMEvoGDPNWlPJna3jz3mA?h=
Rutherford Falls Episodio 6, , https://nupload.xyz/iframe/?url=https%3A%2F%2Fwaaw.tv%2Fwatch_video.php%3Fv%3D6gVR71nXezDw
Rutherford Falls Episodio 7, , https://nupload.xyz/watch/9ZDga5Bp4J02nJD7kz7tMfBjOqfc8mGpXPXvdvdSVQoC7g?h=
Rutherford Falls Episodio 7, , https://nupload.xyz/iframe/?url=https%3A%2F%2Fwaaw.tv%2Fwatch_video.php%3Fv%3DTJl1J6YMYhDK
Rutherford Falls Episodio 8, , https://nupload.xyz/watch/SB31kuP1plUfOYW84wjhQ2aWB2b4y01lXly2RqZEsmU?h=
Rutherford Falls Episodio 8, , https://nupload.xyz/iframe/?url=https%3A%2F%2Fwaaw.tv%2Fwatch_video.php%3Fv%3DRqlgDYVUMuRa
Kung Fu (2021) Episodio 1, , https://nupload.xyz/watch/nwPvKApTPYNXJQtdmJP05OYS59jo7kz7upq3jz3ffRT3RnKwk?h=
Kung Fu (2021) Episodio 1, , https://nupload.xyz/iframe/?url=https%3A%2F%2Fwaaw.tv%2Fwatch_video.php%3Fv%3DhDx8bJZyqJ0n
Kung Fu (2021) Episodio 1, , https://nupload.xyz/watch/D7kz7GZXs1M4QO8PMPDPxsslZWoSQOQhwg97kz7r3jz3608rSF98?h=
Kung Fu (2021) Episodio 1, , https://nupload.xyz/iframe/?url=https%3A%2F%2Fwaaw.tv%2Fwatch_video.php%3Fv%3DuoSBwArTe6Yd
Kung Fu (2021) Episodio 1, , https://nupload.xyz/watch/2JeBX6M15bsEhgPqcIro06D9gTaHTP3EJ4tUoaieh1w?h=
Kung Fu (2021) Episodio 1, , https://nupload.xyz/iframe/?url=https%3A%2F%2Fwaaw.tv%2Fwatch_video.php%3Fv%3D6LQ8IGFbEQLZ
Kung Fu (2021) Episodio 2, , https://nupload.xyz/watch/gTU1dU2UVJQkzvqczJGiU1q58Fjx3jz3AqkfwtiKQcOmls?h=
Kung Fu (2021) Episodio 2, , https://nupload.xyz/iframe/?url=https%3A%2F%2Fwaaw.tv%2Fwatch_video.php%3Fv%3DsbaLaJSbxT3R
Kung Fu (2021) Episodio 2, , https://nupload.xyz/watch/WpvLsoEysEdeHM5Qc0wB1pSOnlO2E6NR1aBgxOCbq7o?h=
Kung Fu (2021) Episodio 2, , https://nupload.xyz/iframe/?url=https%3A%2F%2Fwaaw.tv%2Fwatch_video.php%3Fv%3DJcXr1ye9ihAs
Kung Fu (2021) Episodio 2, , https://nupload.xyz/watch/RVrHP7kz7UXZg9oohZd2Nu7kz787kz77kz7hcJ7kz7vK05jFszqEJE0Bl8?h=
Kung Fu (2021) Episodio 2, , https://nupload.xyz/iframe/?url=https%3A%2F%2Fwaaw.tv%2Fwatch_video.php%3Fv%3DKBukPWR4b0nc
Kung Fu (2021) Episodio 3, , https://nupload.xyz/watch/i7mm0tbPJQ3jz3YKTJHN4SWp5zev5X7kz70GZAbIb8r13Hafs?h=
Kung Fu (2021) Episodio 3, , https://nupload.xyz/iframe/?url=https%3A%2F%2Fwaaw.tv%2Fwatch_video.php%3Fv%3Du7ZxXNZ7kQOd
Kung Fu (2021) Episodio 3, , https://nupload.xyz/watch/8h1KXpU7kz7sdcOFBajpT2BgbX48nTzY3jz3qdUnwy5nrcvVM?h=
Kung Fu (2021) Episodio 3, , https://nupload.xyz/iframe/?url=https%3A%2F%2Fwaaw.tv%2Fwatch_video.php%3Fv%3DNX9dmTFM8Q2c
Kung Fu (2021) Episodio 3, , https://nupload.xyz/watch/7kz7xim5yFxdup7DpAVkLbVGd0XHXDwPWRXyZdnPXiZINw?h=
Kung Fu (2021) Episodio 3, , https://nupload.xyz/iframe/?url=https%3A%2F%2Fwaaw.tv%2Fwatch_video.php%3Fv%3D21UGmPPR1yfv
Kung Fu (2021) Episodio 4, , https://nupload.xyz/watch/7kz7SXZ2kRx3jz3147BtVCrfti6p63jz3Sj7wsirK5NuXsjJHZ3g?h=
Kung Fu (2021) Episodio 4, , https://nupload.xyz/iframe/?url=https%3A%2F%2Fwaaw.tv%2Fwatch_video.php%3Fv%3DS3fYPvTnkMZG
Kung Fu (2021) Episodio 4, , https://nupload.xyz/watch/SimVr46C0XDFcqoymOAiYIo43gMKZt1V7kz7iYpaNAHKiA?h=
Kung Fu (2021) Episodio 4, , https://nupload.xyz/iframe/?url=https%3A%2F%2Fwaaw.tv%2Fwatch_video.php%3Fv%3DT8NyHXDYmViQ
Kung Fu (2021) Episodio 4, , https://nupload.xyz/watch/uSi37kz7Nyxsj8afYIfwmuufxvmX2jwxBz6dnQdD3jz3aaMMA?h=
Kung Fu (2021) Episodio 4, , https://nupload.xyz/iframe/?url=https%3A%2F%2Fwaaw.tv%2Fwatch_video.php%3Fv%3DmRxzv4lpbQcT
Kung Fu (2021) Episodio 5, , https://nupload.xyz/watch/Icmnpb8VzyWmHOfTM5dI0gaF9qpa47Jo3jz33jz31r3ZPMaxY?h=
Kung Fu (2021) Episodio 5, , https://nupload.xyz/iframe/?url=https%3A%2F%2Fwaaw.tv%2Fwatch_video.php%3Fv%3DLMJmyqlVBzZE
Kung Fu (2021) Episodio 5, , https://nupload.xyz/watch/hT8uqqSv6qXeQaoN4dEHTQGi3xT4HDfg7HSBIly9qFQ?h=
Kung Fu (2021) Episodio 5, , https://nupload.xyz/iframe/?url=https%3A%2F%2Fwaaw.tv%2Fwatch_video.php%3Fv%3Df2OL8onGzte2
Kung Fu (2021) Episodio 5, , https://nupload.xyz/watch/0oDTWgsg7wx4vXto7kz7GeoqnTcRYx3jz3DkcPghLoqoc2cVU?h=
Kung Fu (2021) Episodio 5, , https://nupload.xyz/iframe/?url=https%3A%2F%2Fwaaw.tv%2Fwatch_video.php%3Fv%3DfaJ0IcZIeeng
Kung Fu (2021) Episodio 6, , https://nupload.xyz/watch/4iX12vh7kz7kAauQ7kz7h9GnI3jz3MQ7kz77kz7WspLgXc9ZDVFZkD4URI?h=
Kung Fu (2021) Episodio 6, , https://nupload.xyz/iframe/?url=https%3A%2F%2Fwaaw.tv%2Fwatch_video.php%3Fv%3DM0AihF1drU6v
Kung Fu (2021) Episodio 6, , https://nupload.xyz/watch/69KooILH8KNCOw7O3zWj1pGLAPc4rglsl2sXmURLQM4?h=
Kung Fu (2021) Episodio 6, , https://nupload.xyz/iframe/?url=https%3A%2F%2Fwaaw.tv%2Fwatch_video.php%3Fv%3DrRMpgArZcFNw
Kung Fu (2021) Episodio 6, , https://nupload.xyz/watch/buhiOHqq6yhgSL7Y0EodYzqbotdX0xBUKzHUIARa0V0?h=
Kung Fu (2021) Episodio 6, , https://nupload.xyz/iframe/?url=https%3A%2F%2Fwaaw.tv%2Fwatch_video.php%3Fv%3DbPkPBm4HT1ta
Kung Fu (2021) Episodio 7, , https://nupload.xyz/watch/7M3dOq5IbXUO6l9zsd4ybr7kz7H3u03jz39Jpzwr9diOxL768?h=
Kung Fu (2021) Episodio 7, , https://nupload.xyz/iframe/?url=https%3A%2F%2Fwaaw.tv%2Fwatch_video.php%3Fv%3DG5taZlY0Rd1r
Kung Fu (2021) Episodio 7, , https://nupload.xyz/watch/2bgqi3jz3f41ijO0lrUT5JPVv3rMqE6Xbu0yUFfTixl1CA?h=
Kung Fu (2021) Episodio 7, , https://nupload.xyz/iframe/?url=https%3A%2F%2Fwaaw.tv%2Fwatch_video.php%3Fv%3DDdl36VSiup5o
Kung Fu (2021) Episodio 7, , https://nupload.xyz/watch/TvOEMrRY7bs2r3jz3qAATH6mJoZz8ELh5inEXYVQwy88?h=
Kung Fu (2021) Episodio 7, , https://nupload.xyz/iframe/?url=https%3A%2F%2Fwaaw.tv%2Fwatch_video.php%3Fv%3DzjWGN79rQcf7
Kung Fu (2021) Episodio 8, , https://nupload.xyz/watch/MWB1RdKLYMjoffh7kz73jz3b4jBRCiiZEBvgKIUGUGI2NZ8lY?h=
Kung Fu (2021) Episodio 8, , https://nupload.xyz/iframe/?url=https%3A%2F%2Fwaaw.tv%2Fwatch_video.php%3Fv%3DT32vDl0A80dM
Kung Fu (2021) Episodio 8, , https://nupload.xyz/watch/izG0PsAqO0LWe79jQwufPDaMz5REhoDcmamFnmXNVtU?h=
Kung Fu (2021) Episodio 8, , https://nupload.xyz/iframe/?url=https%3A%2F%2Fwaaw.tv%2Fwatch_video.php%3Fv%3DXvQiKno2EpQ3
Kung Fu (2021) Episodio 8, , https://nupload.xyz/watch/jrNR6v4lZISZqPhfrhq3jz3wD3jz32euID7urJxl3jz3M3vEbHVw?h=
Kung Fu (2021) Episodio 8, , https://nupload.xyz/iframe/?url=https%3A%2F%2Fwaaw.tv%2Fwatch_video.php%3Fv%3DmnQRHWOtUYyk
Kung Fu (2021) Episodio 9, , https://nupload.xyz/watch/pvAwA4MPRsE7lQJzH88YILSCzlgk0uemJdSGxGCLFsc?h=
Kung Fu (2021) Episodio 9, , https://nupload.xyz/iframe/?url=https%3A%2F%2Fwaaw.tv%2Fwatch_video.php%3Fv%3DGEc2fLStywwF
Kung Fu (2021) Episodio 9, , https://nupload.xyz/watch/WtBZC3jz3fSMM7kz7D3jz31QJv3sT3lxXBLITTg6yXCNS0tUKqSI?h=
Kung Fu (2021) Episodio 9, , https://nupload.xyz/iframe/?url=https%3A%2F%2Fwaaw.tv%2Fwatch_video.php%3Fv%3DdDZqRTfiSuYZ
Kung Fu (2021) Episodio 9, , https://nupload.xyz/watch/dFCC3Wk3wJzYJWo1BrIRUYm4KxqCKjc5ldOCuMNviz4?h=
Kung Fu (2021) Episodio 9, , https://nupload.xyz/iframe/?url=https%3A%2F%2Fwaaw.tv%2Fwatch_video.php%3Fv%3D8qNTD4bZC5IP
Kung Fu (2021) Episodio 10, , https://nupload.xyz/watch/AjH0MEf6vaztnkMxPg7qsVNU58yOHIlfvlnCOZplh3jz3c?h=
Kung Fu (2021) Episodio 10, , https://nupload.xyz/iframe/?url=https%3A%2F%2Fwaaw.tv%2Fwatch_video.php%3Fv%3DFv9hTp9j9VGx
Kung Fu (2021) Episodio 10, , https://nupload.xyz/watch/33jz3A8i4dw90R2etcJPZe2qnkEsqgYC7kz7tHqtfpfieNDSo?h=
Kung Fu (2021) Episodio 10, , https://nupload.xyz/iframe/?url=https%3A%2F%2Fwaaw.tv%2Fwatch_video.php%3Fv%3D0o9Ygo1VX1ww
Kung Fu (2021) Episodio 10, , https://nupload.xyz/watch/37rYKwK7WVJRIJrDEAGJKLKFlXEPsdg49Z15e9G2jwU?h=
Kung Fu (2021) Episodio 10, , https://nupload.xyz/iframe/?url=https%3A%2F%2Fwaaw.tv%2Fwatch_video.php%3Fv%3Dz1tZm09HryZT
Kung Fu (2021) Episodio 11, , https://nupload.xyz/watch/xKOPAqMYzio2b3FWdPHx3ReTkQJRdzPTo925V2E4z0E?h=
Kung Fu (2021) Episodio 11, , https://nupload.xyz/iframe/?url=https%3A%2F%2Fwaaw.tv%2Fwatch_video.php%3Fv%3DzmGJfKVUq3x9
Kung Fu (2021) Episodio 11, , https://nupload.xyz/watch/P0VxEYLBnfzEh8q8pgjYSGhJOXOGS1A5hBfzTwKMKT8?h=
Kung Fu (2021) Episodio 11, , https://nupload.xyz/iframe/?url=https%3A%2F%2Fwaaw.tv%2Fwatch_video.php%3Fv%3DL2yZnYpmaE8A
Kung Fu (2021) Episodio 11, , https://nupload.xyz/watch/b1j3jz33BIe3jz33cvEQrSoVs8h97j9LyEvxQ9J1uAhXn3hjg?h=
Kung Fu (2021) Episodio 11, , https://nupload.xyz/iframe/?url=https%3A%2F%2Fwaaw.tv%2Fwatch_video.php%3Fv%3D3vmiqia2Og9H
Kung Fu (2021) Episodio 12, , https://nupload.xyz/watch/hdiPMDc83pzS7kz7a35k8itaVP3acQyETzxO8GXuBB587kz7k?h=
Kung Fu (2021) Episodio 12, , https://nupload.xyz/iframe/?url=https%3A%2F%2Fwaaw.tv%2Fwatch_video.php%3Fv%3DNOPpjfzVARpF
Kung Fu (2021) Episodio 12, , https://nupload.xyz/watch/x2BKnnBq7kK3jz3SkZrqkzq3jz3je1CUH7kz7Tm2sGG4NBGVhhoA?h=
Kung Fu (2021) Episodio 12, , https://nupload.xyz/iframe/?url=https%3A%2F%2Fwaaw.tv%2Fwatch_video.php%3Fv%3DF8X7VAI1NVhC
Kung Fu (2021) Episodio 12, , https://nupload.xyz/watch/FIE2z3aZb7kz7yn8U7kz7nuyz0m4J0DaB7kz7aPagCwlx6eRztco?h=
Kung Fu (2021) Episodio 12, , https://nupload.xyz/iframe/?url=https%3A%2F%2Fwaaw.tv%2Fwatch_video.php%3Fv%3DJu4OlbOT3yJv
Kung Fu (2021) Episodio 13, , https://nupload.xyz/watch/aeCxEbZRFhXbv3jz3Qm2ZzEcdw9s7LNmO3SNmv4eazPDrQ?h=
Kung Fu (2021) Episodio 13, , https://nupload.xyz/iframe/?url=https%3A%2F%2Fwaaw.tv%2Fwatch_video.php%3Fv%3DAsDO4vSnsmwr
Kung Fu (2021) Episodio 13, , https://nupload.xyz/watch/jiN5mTTKcLfymDhX3jz3ZTRXIrpc5owFFg3154V2n3MyPE?h=
Kung Fu (2021) Episodio 13, , https://nupload.xyz/iframe/?url=https%3A%2F%2Fwaaw.tv%2Fwatch_video.php%3Fv%3DPocbZOF4cXzV
Kung Fu (2021) Episodio 13, , https://nupload.xyz/watch/G5cPfBp3jz3yAR6G6By5uFY88Aa73kybSpyYKKeFKEsE4w?h=
Kung Fu (2021) Episodio 13, , https://nupload.xyz/iframe/?url=https%3A%2F%2Fwaaw.tv%2Fwatch_video.php%3Fv%3Dv1mfsKxt5FVp
Kung Fu (2021) Episodio 1, , https://nupload.xyz/watch/qmGlMT3jz3MECUxFNtqWhPWj5bNY84xueI5qRPJBtLRwBk?h=
Kung Fu (2021) Episodio 1, , https://nupload.xyz/iframe/?url=https%3A%2F%2Fwaaw.tv%2Fwatch_video.php%3Fv%3Dda5yVBSF60g7
Kung Fu (2021) Episodio 1, , https://nupload.xyz/watch/JjXGXuHjP1FMQKh7kz7T0Es3gC1e2Cqx3LRhdZzpYww1mk?h=
Kung Fu (2021) Episodio 1, , https://nupload.xyz/iframe/?url=https%3A%2F%2Fwaaw.tv%2Fwatch_video.php%3Fv%3DHNdrr3RY9rck
Kung Fu (2021) Episodio 1, , https://nupload.xyz/watch/9T7kz7bFc6QsdxmNyMB2fEYd3jz3g2UD0keLYoHJA3jz3cC8sQ34?h=
Kung Fu (2021) Episodio 1, , https://nupload.xyz/iframe/?url=https%3A%2F%2Fwaaw.tv%2Fwatch_video.php%3Fv%3D1YwCmHGEuvaU
Kung Fu (2021) Episodio 2, , https://nupload.xyz/watch/cKSBBGiziJt0u7aL1cOk1l3Qgb4AJAz7MK4R8rlGm3U?h=
Kung Fu (2021) Episodio 2, , https://nupload.xyz/iframe/?url=https%3A%2F%2Fwaaw.tv%2Fwatch_video.php%3Fv%3Dgb2ejM3Dg7PQ
Kung Fu (2021) Episodio 2, , https://nupload.xyz/watch/aI1zkGOSfQn8ARQUER0sTtxuQvR74EmEBPsCpYq1sbs?h=
Kung Fu (2021) Episodio 2, , https://nupload.xyz/iframe/?url=https%3A%2F%2Fwaaw.tv%2Fwatch_video.php%3Fv%3Dm1VN9p2gJf2Y
Kung Fu (2021) Episodio 2, , https://nupload.xyz/watch/jov4GZPDCxnl3jz3TTSIWPM5b27kz7Uhwy5tYLVnpZcjkU0ds?h=
Kung Fu (2021) Episodio 2, , https://nupload.xyz/iframe/?url=https%3A%2F%2Fwaaw.tv%2Fwatch_video.php%3Fv%3D7mvc2hlc8KEg
Kung Fu (2021) Episodio 3, , https://nupload.xyz/watch/GIxsyHQOBeMtH29QCMERHf8UGt9KRMuEQk1eJxDSkEQ?h=
Kung Fu (2021) Episodio 3, , https://nupload.xyz/iframe/?url=https%3A%2F%2Fwaaw.tv%2Fwatch_video.php%3Fv%3DajN5WIKPqV3H
Kung Fu (2021) Episodio 3, , https://nupload.xyz/watch/VE9WxVirKbide52XqaLOlPF83jz3QsmGWM0XX4s7kz7OIWwhU?h=
Kung Fu (2021) Episodio 3, , https://nupload.xyz/iframe/?url=https%3A%2F%2Fwaaw.tv%2Fwatch_video.php%3Fv%3DkdA5h8Gu71F4
Kung Fu (2021) Episodio 3, , https://nupload.xyz/watch/40uIkV4d7kz7e7kz7MG0p3HmX8CoHiZwv5oMMli3mvZ7kz72G63U?h=
Kung Fu (2021) Episodio 3, , https://nupload.xyz/iframe/?url=https%3A%2F%2Fwaaw.tv%2Fwatch_video.php%3Fv%3Dx8li9GMQlg81
Kung Fu (2021) Episodio 4, , https://nupload.xyz/watch/jz2yhzVG1OFDu0vjiZrQqhMP5hv8b7kz7YhBKXrP19KmAo?h=
Kung Fu (2021) Episodio 4, , https://nupload.xyz/iframe/?url=https%3A%2F%2Fwaaw.tv%2Fwatch_video.php%3Fv%3DH4NfL28k1i8G
Kung Fu (2021) Episodio 4, , https://nupload.xyz/watch/xikp39MBd3jz3vEcGvHxPGZtV3jz39WRHburwFyBce3jz3h9GS58?h=
Kung Fu (2021) Episodio 4, , https://nupload.xyz/iframe/?url=https%3A%2F%2Fwaaw.tv%2Fwatch_video.php%3Fv%3Dz8zuSP63cd0p
Kung Fu (2021) Episodio 4, , https://nupload.xyz/watch/ahn0k7kzcj0GJEQ3jz3RWs8pWhiWQqs2c3jz3dlFV7T0Nz2sw?h=
Kung Fu (2021) Episodio 4, , https://nupload.xyz/iframe/?url=https%3A%2F%2Fwaaw.tv%2Fwatch_video.php%3Fv%3DZmr5HthEwG1V
Kung Fu (2021) Episodio 5, , https://nupload.xyz/watch/gQR03jz3RBFACZab7weDBiFvBvuKSPw7tqDEtStGgdE4?h=
Kung Fu (2021) Episodio 5, , https://nupload.xyz/iframe/?url=https%3A%2F%2Fwaaw.tv%2Fwatch_video.php%3Fv%3DAthdMoux6B5f
Kung Fu (2021) Episodio 5, , https://nupload.xyz/watch/3jz3SpKTyvWuL7PK9Y1W5UZkCUzS72A53omNqZdHJdRU3jz3I?h=
Kung Fu (2021) Episodio 5, , https://nupload.xyz/iframe/?url=https%3A%2F%2Fwaaw.tv%2Fwatch_video.php%3Fv%3De04StYwsnDWm
Kung Fu (2021) Episodio 5, , https://nupload.xyz/watch/9gS8XesB2wAQ7HVVsISpKj6UqMrhFTK33jz3caOIC8TvPQ?h=
Kung Fu (2021) Episodio 5, , https://nupload.xyz/iframe/?url=https%3A%2F%2Fwaaw.tv%2Fwatch_video.php%3Fv%3DAKF71T3wZ90R
Kung Fu (2021) Episodio 6, , https://nupload.xyz/watch/chOTmFvpEFD7Un0H3jz3dTEB9EDwDBWRkGKKdYmlzDgW14?h=
Kung Fu (2021) Episodio 6, , https://nupload.xyz/iframe/?url=https%3A%2F%2Fwaaw.tv%2Fwatch_video.php%3Fv%3DKuFIEUwgCknD
Kung Fu (2021) Episodio 6, , https://nupload.xyz/watch/70BG5cQmgqGHPJMeL2KtrPsPENqeKxT3IA8UPQR2q50?h=
Kung Fu (2021) Episodio 6, , https://nupload.xyz/iframe/?url=https%3A%2F%2Fwaaw.tv%2Fwatch_video.php%3Fv%3DLh0pkcBCdobw
Kung Fu (2021) Episodio 6, , https://nupload.xyz/watch/R7kz74zDyn7kz7pffIqMNbd4HFlOi2ZKXhh7XsQuNxQm9rhhA?h=
Kung Fu (2021) Episodio 6, , https://nupload.xyz/iframe/?url=https%3A%2F%2Fwaaw.tv%2Fwatch_video.php%3Fv%3DyIfwMizS5z3V
Kung Fu (2021) Episodio 7, , https://nupload.xyz/watch/rH3jz3FwwI8eZ1rWc0hGdPH1O6SEeNCbY3jz3k0euqx2LYHAk?h=
Kung Fu (2021) Episodio 7, , https://nupload.xyz/iframe/?url=https%3A%2F%2Fwaaw.tv%2Fwatch_video.php%3Fv%3Dd2LrsGmvvZfY
Kung Fu (2021) Episodio 7, , https://nupload.xyz/watch/7L3AKrUs8xC3DrY8izhwn3BHL3jz3o7mnFppvJU78b3IpQ?h=
Kung Fu (2021) Episodio 7, , https://nupload.xyz/iframe/?url=https%3A%2F%2Fwaaw.tv%2Fwatch_video.php%3Fv%3DJjQPYF8x8XSH
Kung Fu (2021) Episodio 7, , https://nupload.xyz/watch/HwbfhguxmBN1qVEtDy8ehKvJ6jMVYfifH0NO0O7Prq4?h=
Kung Fu (2021) Episodio 7, , https://nupload.xyz/iframe/?url=https%3A%2F%2Fwaaw.tv%2Fwatch_video.php%3Fv%3DpDk5u1gwDmVk
Kung Fu (2021) Episodio 8, , https://nupload.xyz/watch/Xg7kz77kz7kuUeCEmoHrDSB3jz3BK7oNIG7v8pHb3HTK4V1HIVQM?h=
Kung Fu (2021) Episodio 8, , https://nupload.xyz/iframe/?url=https%3A%2F%2Fwaaw.tv%2Fwatch_video.php%3Fv%3DL7Qu2KPbl7fW
Kung Fu (2021) Episodio 8, , https://nupload.xyz/watch/yr8b63jz3MMBEnC97CD77f3THztV7nlLCmH3jz3A3pZiJDOas?h=
Kung Fu (2021) Episodio 8, , https://nupload.xyz/iframe/?url=https%3A%2F%2Fwaaw.tv%2Fwatch_video.php%3Fv%3Dow8oAU4RGp5i
Kung Fu (2021) Episodio 8, , https://nupload.xyz/watch/qtjKJhmgNMr7kz7apt7kz7EQy6pjkD2xPuUU3jz34tFQmNVB5tNQ?h=
Kung Fu (2021) Episodio 8, , https://nupload.xyz/iframe/?url=https%3A%2F%2Fwaaw.tv%2Fwatch_video.php%3Fv%3DiamNUfch3CWl
Kung Fu (2021) Episodio 9, , https://nupload.xyz/watch/tJLj7MkduBe6CeV3jz3T53TPG663P1rlBJNOwCBXtVWXHI?h=
Kung Fu (2021) Episodio 9, , https://nupload.xyz/iframe/?url=https%3A%2F%2Fwaaw.tv%2Fwatch_video.php%3Fv%3DjCm29msLZP59
Kung Fu (2021) Episodio 9, , https://nupload.xyz/watch/C27kz7VuGYb7n8fWqujiBodf4Pro6mgwAoFaAr778aB8rU?h=
Kung Fu (2021) Episodio 9, , https://nupload.xyz/iframe/?url=https%3A%2F%2Fwaaw.tv%2Fwatch_video.php%3Fv%3DU8aIeGENcJDV
Kung Fu (2021) Episodio 9, , https://nupload.xyz/watch/1xKKPiCHXL3jz33FeuU8XnK9OrEMkuYvVOTUL5R7qPrngE?h=
Kung Fu (2021) Episodio 9, , https://nupload.xyz/iframe/?url=https%3A%2F%2Fwaaw.tv%2Fwatch_video.php%3Fv%3DnwWLdqLPZZnG
Kung Fu (2021) Episodio 10, , https://nupload.xyz/watch/7kz7w3jz3lx7qscEjzbPmWN5TflDmGJIe5xb259jvRDwScnXg?h=
Kung Fu (2021) Episodio 10, , https://nupload.xyz/iframe/?url=https%3A%2F%2Fwaaw.tv%2Fwatch_video.php%3Fv%3DmAhqhFqoWHgm
Kung Fu (2021) Episodio 10, , https://nupload.xyz/watch/Q2bpq87gd7kz75XrUz6Qe3jz32FWK3JY4pLCdnTLA43pCWXxQ?h=
Kung Fu (2021) Episodio 10, , https://nupload.xyz/iframe/?url=https%3A%2F%2Fwaaw.tv%2Fwatch_video.php%3Fv%3DmjGfzDtM13JZ
Kung Fu (2021) Episodio 10, , https://nupload.xyz/watch/i4e0GtjdNUMgqqUha7ipONT77kz7YGE7bRSnWfQtl3NV5Q?h=
Kung Fu (2021) Episodio 10, , https://nupload.xyz/iframe/?url=https%3A%2F%2Fwaaw.tv%2Fwatch_video.php%3Fv%3DfxngOu76mwrv
Kung Fu (2021) Episodio 11, , https://nupload.xyz/watch/QVeYOypICI2QEET9s19dOSEXf5JWc8q3lMZ18SuEhWU?h=
Kung Fu (2021) Episodio 11, , https://nupload.xyz/iframe/?url=https%3A%2F%2Fwaaw.tv%2Fwatch_video.php%3Fv%3DcctBLUe91DCL
Kung Fu (2021) Episodio 11, , https://nupload.xyz/watch/H3ssXidF1WYoUuz7kz7AlBybGX4Io9nR930mdHHJ0sFwGc?h=
Kung Fu (2021) Episodio 11, , https://nupload.xyz/iframe/?url=https%3A%2F%2Fwaaw.tv%2Fwatch_video.php%3Fv%3Dlp2orcIx4ju9
Kung Fu (2021) Episodio 11, , https://nupload.xyz/watch/KXXn9XrgBE7kz7IK0zgueIIe3V6QD3jz3P4O3k0IlMJEE9o?h=
Kung Fu (2021) Episodio 11, , https://nupload.xyz/iframe/?url=https%3A%2F%2Fwaaw.tv%2Fwatch_video.php%3Fv%3D0uZgFcKY1uG0
Kung Fu (2021) Episodio 12, , https://nupload.xyz/watch/DZzlt9E4y6XafqApK7kz7TEQtvIF9kl0KkWn9T6nsLiSvc?h=
Kung Fu (2021) Episodio 12, , https://nupload.xyz/iframe/?url=https%3A%2F%2Fwaaw.tv%2Fwatch_video.php%3Fv%3Do7wR2SegQJJE
Kung Fu (2021) Episodio 12, , https://nupload.xyz/watch/Z6skXrpLqLaUwV0BLw27kz7BFJDOcQB46BBFgE1wt6MHpc?h=
Kung Fu (2021) Episodio 12, , https://nupload.xyz/iframe/?url=https%3A%2F%2Fwaaw.tv%2Fwatch_video.php%3Fv%3DbA2pKzVaDAbL
Kung Fu (2021) Episodio 13, , https://nupload.xyz/watch/wj1ryUXpAaqA3Vt7n2sjb7tUhgjgDQ55T767sRrb2S8?h=
Kung Fu (2021) Episodio 13, , https://nupload.xyz/iframe/?url=https%3A%2F%2Fwaaw.tv%2Fwatch_video.php%3Fv%3DK0Jw51HtN2AY
Physical Episodio 1, , https://nupload.xyz/watch/LTl5E1yWydaPUp3sUrgCkvRgyAaI5O0Dl9d7kz7CZRSZxc?h=
Physical Episodio 1, , https://nupload.xyz/iframe/?url=https%3A%2F%2Fwaaw.tv%2Fwatch_video.php%3Fv%3DCHK9uvE1932D
Physical Episodio 1, , https://nupload.xyz/watch/V8hX6S7kz7xAx7kz7nTOmAysf7gyKvvGdsAQyLj1Gw6lx3jz3rJQ?h=
Physical Episodio 1, , https://nupload.xyz/iframe/?url=https%3A%2F%2Fwaaw.tv%2Fwatch_video.php%3Fv%3DpVdS5WyZOgJX
Physical Episodio 1, , https://nupload.xyz/watch/jndy73jz3nYln239UgekbjdroIQOI54dr27kz7kA7kz7zFk2KFe8?h=
Physical Episodio 1, , https://nupload.xyz/iframe/?url=https%3A%2F%2Fwaaw.tv%2Fwatch_video.php%3Fv%3D8abzfQJ2oK7x
Physical Episodio 2, , https://nupload.xyz/watch/3jz3lrWF7kz73Q7mvyQiRpqN6cXcDa75gEIMQfnih5RVnuNxQ?h=
Physical Episodio 2, , https://nupload.xyz/iframe/?url=https%3A%2F%2Fwaaw.tv%2Fwatch_video.php%3Fv%3Dnl1YcQXr0QBD
Physical Episodio 2, , https://nupload.xyz/watch/WR64Vj0SOjl3jz333jz3vwzpXbxwAJotsi1OrLz07McYBIQ9E?h=
Physical Episodio 2, , https://nupload.xyz/iframe/?url=https%3A%2F%2Fwaaw.tv%2Fwatch_video.php%3Fv%3D4wmW03f1OfG5
Physical Episodio 2, , https://nupload.xyz/watch/R4Z5IAhWjr1DFVaAz3jz38PgAw9NE3XiVATR3jz3a3bkD6148?h=
Physical Episodio 2, , https://nupload.xyz/iframe/?url=https%3A%2F%2Fwaaw.tv%2Fwatch_video.php%3Fv%3DgLozjXKt9N36
Physical Episodio 3, , https://nupload.xyz/watch/5okFIdGXPlPWwZum4DgtxoIIaihcwxlHIVhhcXt7kz7v5w?h=
Physical Episodio 3, , https://nupload.xyz/iframe/?url=https%3A%2F%2Fwaaw.tv%2Fwatch_video.php%3Fv%3D06OBcLUk8cxw
Physical Episodio 3, , https://nupload.xyz/watch/jvGd83nZGvJQ8ymw01ICUAIspqbIhpOt9tAjPZRJ0Is?h=
Physical Episodio 3, , https://nupload.xyz/iframe/?url=https%3A%2F%2Fwaaw.tv%2Fwatch_video.php%3Fv%3Dl7wgaUECuwAy
Physical Episodio 3, , https://nupload.xyz/watch/LdeOq07kz7RxQbmQQOgbo7wrRj77kz7HMJMFq0fWvxx1nvSwU?h=
Physical Episodio 3, , https://nupload.xyz/iframe/?url=https%3A%2F%2Fwaaw.tv%2Fwatch_video.php%3Fv%3DXuClFyiXHUOP
Physical Episodio 4, , https://nupload.xyz/watch/QhocGBjrz3FWZfTj53jz3qX678A2K2oyF6DpR9FgIr9BwQ?h=
Physical Episodio 4, , https://nupload.xyz/iframe/?url=https%3A%2F%2Fwaaw.tv%2Fwatch_video.php%3Fv%3DySfLXuQqwSbC
Physical Episodio 4, , https://nupload.xyz/watch/EhnC56mFruaVMRA7I9jgdLS7kz7GQWbODAH6p4ovoIG4e4?h=
Physical Episodio 4, , https://nupload.xyz/iframe/?url=https%3A%2F%2Fwaaw.tv%2Fwatch_video.php%3Fv%3D2458bPiJr9yg
Physical Episodio 4, , https://nupload.xyz/watch/tqkn0XiXMtTnm9AYInEzXTqtCUb2hR23wih9u7kz7UwWVE?h=
Physical Episodio 4, , https://nupload.xyz/iframe/?url=https%3A%2F%2Fwaaw.tv%2Fwatch_video.php%3Fv%3DrHeYAnYqQTj9
Physical Episodio 5, , https://nupload.xyz/watch/hwMHx9X1Mo6SUgfbMQqPgtsnLHSbQDlPE3jz3o72iLBcj0?h=
Physical Episodio 5, , https://nupload.xyz/iframe/?url=https%3A%2F%2Fwaaw.tv%2Fwatch_video.php%3Fv%3DkXFkiH9prUVU
Physical Episodio 5, , https://nupload.xyz/watch/YH4fjdmefWB9zufQQfcECC7kz7MeVZd9q5dPr4Xn4wcLdY?h=
Physical Episodio 5, , https://nupload.xyz/iframe/?url=https%3A%2F%2Fwaaw.tv%2Fwatch_video.php%3Fv%3DQXpjlyBjmQfD
Physical Episodio 5, , https://nupload.xyz/watch/Yw3jz3ahDxd3pSv7kz7qaP2t2SY3jz3C7P1AvB4AsWMhzcVw5sqg?h=
Physical Episodio 5, , https://nupload.xyz/iframe/?url=https%3A%2F%2Fwaaw.tv%2Fwatch_video.php%3Fv%3DZME5GXclj6A1
Physical Episodio 6, , https://nupload.xyz/watch/ZYdqFVetrPRJ1QcLiGU31xFI8W5me3jz3Bp0fPTHCKq9Is?h=
Physical Episodio 6, , https://nupload.xyz/iframe/?url=https%3A%2F%2Fwaaw.tv%2Fwatch_video.php%3Fv%3DYFtmsxA4BGhv
Physical Episodio 6, , https://nupload.xyz/watch/AC9i0DIVMHXl9P5V0mygu08fZqsTtFVI7kz71L4X88wrZI?h=
Physical Episodio 6, , https://nupload.xyz/iframe/?url=https%3A%2F%2Fwaaw.tv%2Fwatch_video.php%3Fv%3DcTCRPFzfNPmK
Physical Episodio 6, , https://nupload.xyz/watch/HQYIcfaYTq5mHRJg3jz3PWSrmezCo96e8T9gbe6HPqDo8w?h=
Physical Episodio 6, , https://nupload.xyz/iframe/?url=https%3A%2F%2Fwaaw.tv%2Fwatch_video.php%3Fv%3DcpIREIMWw4bI
Physical Episodio 7, , https://nupload.xyz/watch/69n7kz7mwEA7kz7c9BHzcBGS3jz37kz79o8eXismQTZbKc3kEjty26U?h=
Physical Episodio 7, , https://nupload.xyz/iframe/?url=https%3A%2F%2Fwaaw.tv%2Fwatch_video.php%3Fv%3DZg4PMFPHnCvl
Physical Episodio 7, , https://nupload.xyz/watch/GiBf9K4S3jz3GyaA7kz7z7kz75c8n5Ov4Y5l7hlCiX4DRCOqMPNU?h=
Physical Episodio 7, , https://nupload.xyz/iframe/?url=https%3A%2F%2Fwaaw.tv%2Fwatch_video.php%3Fv%3DFk7ac6vMgL8C
Physical Episodio 7, , https://nupload.xyz/watch/FC7kz7tBCLlcHcdkG1T5lZrOs10rXFJBECG87RrYADZU?h=
Physical Episodio 7, , https://nupload.xyz/iframe/?url=https%3A%2F%2Fwaaw.tv%2Fwatch_video.php%3Fv%3DHtiBzJ8G3ToH
Physical Episodio 8, , https://nupload.xyz/watch/4GB7kz7wrn8hQT7kz72rxr0D01pAENPk7yHXabABDcVwXNB3s?h=
Physical Episodio 8, , https://nupload.xyz/iframe/?url=https%3A%2F%2Fwaaw.tv%2Fwatch_video.php%3Fv%3DcjW1CZljtEme
Physical Episodio 8, , https://nupload.xyz/watch/uKvzIi4RdQjNT1ZYnP8qbxe3jz3CAPDhAosv7kz7kOReqQk?h=
Physical Episodio 8, , https://nupload.xyz/iframe/?url=https%3A%2F%2Fwaaw.tv%2Fwatch_video.php%3Fv%3DTN76MgbhXMVu
Physical Episodio 8, , https://nupload.xyz/watch/PN3jz3Vqry7ikjI9HCP2B9S8X4k7BbGOYln3jz3pVZdIfWbjY?h=
Physical Episodio 8, , https://nupload.xyz/iframe/?url=https%3A%2F%2Fwaaw.tv%2Fwatch_video.php%3Fv%3DAU8nLYBu86PI
Physical Episodio 9, , https://nupload.xyz/watch/g2a3jz3GYDHSBnopdb2WLCfdHyHUXrk1kLp9SxDRuWKm7g?h=
Physical Episodio 9, , https://nupload.xyz/iframe/?url=https%3A%2F%2Fwaaw.tv%2Fwatch_video.php%3Fv%3DvUoXGXFP9f1g
Physical Episodio 9, , https://nupload.xyz/watch/CedmLjF3jz3KbLeP7E0ELaBiKjba2XYA3jz3V83jz3K5VEW22WPY?h=
Physical Episodio 9, , https://nupload.xyz/iframe/?url=https%3A%2F%2Fwaaw.tv%2Fwatch_video.php%3Fv%3Daa2h7Zp2xciw
Physical Episodio 9, , https://nupload.xyz/watch/63yEcE9eJdG7kz77kz75nMuWYfYi8QWBaLY5DFI2VJRvQdxLA?h=
Physical Episodio 9, , https://nupload.xyz/iframe/?url=https%3A%2F%2Fwaaw.tv%2Fwatch_video.php%3Fv%3DdowH1fPRVkgj
Physical Episodio 10, , https://nupload.xyz/watch/b84b2Icf6SyDIX8OAh4w2I1L5XwVhmsCdguRoW09r2I?h=
Physical Episodio 10, , https://nupload.xyz/iframe/?url=https%3A%2F%2Fwaaw.tv%2Fwatch_video.php%3Fv%3DTr5V1YsrnZXJ
Physical Episodio 10, , https://nupload.xyz/watch/WyJc5fATxIQ8SEjvpf4OeyTK4zYdrW7kz7430gYoMY7lqs?h=
Physical Episodio 10, , https://nupload.xyz/iframe/?url=https%3A%2F%2Fwaaw.tv%2Fwatch_video.php%3Fv%3DQnpWCrq7QKIW
Physical Episodio 10, , https://nupload.xyz/watch/xBrmgajavn5y2FCljwWtK0KvHigMJdGiM2EKE0mWoaw?h=
Physical Episodio 10, , https://nupload.xyz/iframe/?url=https%3A%2F%2Fwaaw.tv%2Fwatch_video.php%3Fv%3DzaHtTgdwOmLa
Physical Episodio 1, , https://nupload.xyz/watch/oqhjyS63jz387cwghFskb3XjLBSpvsVBvm9vavB3jz3TC3OpM?h=
Physical Episodio 1, , https://nupload.xyz/iframe/?url=https%3A%2F%2Fwaaw.tv%2Fwatch_video.php%3Fv%3DM6cUXurWNEQg
Physical Episodio 1, , https://nupload.xyz/watch/vCITX5K4OOQGeqXxtTVhMcUZVuOZY1pogoa6y1fFIz8?h=
Physical Episodio 1, , https://nupload.xyz/iframe/?url=https%3A%2F%2Fwaaw.tv%2Fwatch_video.php%3Fv%3Dpy69vncBwjQb
Physical Episodio 1, , https://nupload.xyz/watch/QvTk7kz7AqMjbX0CnOT16zf23jz3O6KfVEvZ2jN88b5VuGs3jz3Y?h=
Physical Episodio 1, , https://nupload.xyz/iframe/?url=https%3A%2F%2Fwaaw.tv%2Fwatch_video.php%3Fv%3DkIvqJcWlOtzb
Physical Episodio 2, , https://nupload.xyz/watch/idRQQQAlijtd9UfTIxTQa7QngYkvPu7X3jz34itveIYaSU?h=
Physical Episodio 2, , https://nupload.xyz/iframe/?url=https%3A%2F%2Fwaaw.tv%2Fwatch_video.php%3Fv%3DoPTk6zm4wSMk
Physical Episodio 2, , https://nupload.xyz/watch/gH9uP6EzTfZAKoKLT5Xz7kz7TUMhOdRzYiRTpfNe4ceE0I?h=
Physical Episodio 2, , https://nupload.xyz/iframe/?url=https%3A%2F%2Fwaaw.tv%2Fwatch_video.php%3Fv%3DHwbJv2aoqj7P
Physical Episodio 2, , https://nupload.xyz/watch/dBq6l5kTEs3jz3FmeZjDK2aM3jz3iVk6JLyVx3M0OlE3jz38mv7kz7Q?h=
Physical Episodio 2, , https://nupload.xyz/iframe/?url=https%3A%2F%2Fwaaw.tv%2Fwatch_video.php%3Fv%3Dfbe9N8RjmlNS
Physical Episodio 3, , https://nupload.xyz/watch/1trlMeYKsx72Wvp2rm9nQaBBlb1IWiGVEKPNTAhIdDo?h=
Physical Episodio 3, , https://nupload.xyz/iframe/?url=https%3A%2F%2Fwaaw.tv%2Fwatch_video.php%3Fv%3DDTpwMuMKwNlZ
Physical Episodio 3, , https://nupload.xyz/watch/3jz32lAgUH7kz7sHLwGmVGKnuQ7kz7tLaEefHd7kz7kWBgDsaBKdpbY?h=
Physical Episodio 3, , https://nupload.xyz/iframe/?url=https%3A%2F%2Fwaaw.tv%2Fwatch_video.php%3Fv%3D3Wk4RbN0rlKX
Para toda la humanidad (For All Mankind) Episodio 1, , https://nupload.xyz/watch/G3jz3RSo7kz7AniW7MjqoqeT7ESsdDlsMwsZe3jz3WFVu3jz33jz3yY8?h=
Para toda la humanidad (For All Mankind) Episodio 1, , https://nupload.xyz/iframe/?url=https%3A%2F%2Fwaaw.tv%2Fwatch_video.php%3Fv%3DnyjLb9toe8Fa
Para toda la humanidad (For All Mankind) Episodio 1, , https://nupload.xyz/watch/EXO10Cvv164ojgHWgjqmSVYLhNxUTpAlDDdjKINxomA?h=
Para toda la humanidad (For All Mankind) Episodio 1, , https://nupload.xyz/iframe/?url=https%3A%2F%2Fwaaw.tv%2Fwatch_video.php%3Fv%3DEvrXcwk4fR0h
Para toda la humanidad (For All Mankind) Episodio 2, , https://nupload.xyz/watch/hh3jz3IeGsgiNjH7kz7BMEzWVHPBY8cRtN7ci9O8lzr4Mswxg?h=
Para toda la humanidad (For All Mankind) Episodio 2, , https://nupload.xyz/iframe/?url=https%3A%2F%2Fwaaw.tv%2Fwatch_video.php%3Fv%3D90er7LxhcPC4
Para toda la humanidad (For All Mankind) Episodio 3, , https://nupload.xyz/watch/B3HwKDe41mtVhb8ya4mZ7kz7nwOEjnBoKFjO7re3jz3fqBUi8?h=
Para toda la humanidad (For All Mankind) Episodio 3, , https://nupload.xyz/iframe/?url=https%3A%2F%2Fwaaw.tv%2Fwatch_video.php%3Fv%3DKNfcJRIA4pwH
Para toda la humanidad (For All Mankind) Episodio 3, , https://nupload.xyz/watch/9GWtimDWdhXFLUHt7e9hPAYIgHWyHeDZyG3x3oohB?h=
Para toda la humanidad (For All Mankind) Episodio 3, , https://nupload.xyz/iframe/?url=https%3A%2F%2Fwaaw.tv%2Fwatch_video.php%3Fv%3DOLxV06RZfb5M
